{
	"stream": {
		"global": {
			"consistency": 0.7083333333333333,
			"completeness_missing": 0.9440828402366864
		},
		"attribute": {
			"categ": {
				"accuracy": 1.0
			},
			"float": {
				"accuracy": 0.8201465201465202
			},
			"timestamp": {
				"timeliness": 1.0
			}
		}
	}
}