{
	"batch": {
		"global": {
			"consistency": 0.5666666666666667,
			"completeness_missing": 0.8252380952380952
		},
		"attribute": {
			"categ": {
				"accuracy": 0.6742147552958364
			},
			"float": {
				"accuracy": 0.5357142857142857
			},
			"timestamp": {
				"timeliness": 1.0
			}
		}
	}
}