{
	"batch": {
		"global": {
			"consistency": 0.7733333333333334,
			"completeness_missing": 0.8252380952380952
		},
		"attribute": {
			"categ": {
				"accuracy": 0.902118334550767
			},
			"float": {
				"accuracy": 0.9368131868131868
			},
			"timestamp": {
				"timeliness": 1.0
			}
		}
	}
}